calories,proteins,fat,carbohydrate,total_macros,kategori_nutrisi
280.0,9.2,28.4,0.0,37.599999999999994,Tidak Sehat
513.0,23.7,37.0,21.3,82.0,Tidak Sehat
0.0,0.0,0.2,0.0,0.2,Tidak Sehat
45.0,1.1,0.4,10.8,12.3,Tidak Sehat
37.0,4.4,0.5,3.8,8.7,Tidak Sehat
85.0,0.9,6.5,7.7,15.100000000000001,Tidak Sehat
96.0,3.7,0.6,19.1,23.400000000000002,Tidak Sehat
414.0,26.6,18.3,41.3,86.2,Sehat
75.0,4.1,2.1,10.7,16.9,Tidak Sehat
67.0,5.0,2.1,8.1,15.2,Tidak Sehat
184.0,18.8,14.0,0.0,32.8,Sehat
174.0,19.6,10.0,0.0,29.6,Sehat
190.0,19.1,12.0,0.0,31.1,Sehat
99.0,4.6,1.0,18.0,23.6,Tidak Sehat
25.0,1.6,0.2,5.3,7.1,Tidak Sehat
30.0,0.5,0.2,6.8,7.5,Tidak Sehat
354.0,16.4,31.5,0.0,47.9,Sehat
126.0,3.4,7.9,10.3,21.6,Tidak Sehat
58.0,0.3,0.4,14.9,15.6,Tidak Sehat
57.0,0.5,0.4,12.8,13.700000000000001,Tidak Sehat
37.0,0.8,0.5,8.3,9.600000000000001,Tidak Sehat
113.0,0.9,7.2,11.2,19.299999999999997,Tidak Sehat
102.0,1.0,0.2,24.1,25.3,Tidak Sehat
277.0,2.4,25.0,10.7,38.099999999999994,Tidak Sehat
75.0,0.2,1.1,16.1,17.400000000000002,Tidak Sehat
239.0,2.8,0.6,62.5,65.9,Tidak Sehat
135.0,0.8,0.4,32.1,33.300000000000004,Tidak Sehat
261.0,0.9,1.6,63.3,65.8,Tidak Sehat
98.0,3.9,2.6,14.8,21.3,Tidak Sehat
302.0,18.2,25.0,0.0,43.2,Sehat
297.0,35.9,15.2,1.6,52.699999999999996,Sehat
270.0,32.3,11.2,9.9,53.4,Sehat
75.0,13.8,1.9,0.7,16.400000000000002,Sehat
295.0,34.0,16.0,1.5,51.5,Sehat
338.0,35.2,20.6,0.4,56.2,Sehat
275.0,37.4,12.2,1.3,50.89999999999999,Sehat
298.0,34.2,16.8,0.1,51.1,Sehat
286.0,32.1,16.1,1.1,49.300000000000004,Sehat
295.0,39.2,13.6,1.0,53.800000000000004,Sehat
287.0,31.0,15.7,1.7,48.400000000000006,Sehat
246.0,37.9,9.0,0.7,47.6,Sehat
245.0,33.1,11.4,0.3,44.8,Sehat
295.0,37.4,14.7,0.6,52.699999999999996,Sehat
244.0,36.7,9.2,1.0,46.900000000000006,Sehat
283.0,35.7,14.3,0.5,50.5,Sehat
261.0,27.4,16.1,1.6,45.1,Sehat
264.0,18.2,20.1,2.7,41.0,Sehat
473.0,45.2,26.3,13.9,85.4,Sehat
113.0,17.6,4.2,0.0,21.8,Sehat
453.0,11.9,45.0,0.0,56.9,Sehat
371.0,14.1,35.0,0.0,49.1,Sehat
110.0,16.3,4.6,0.8,21.7,Sehat
129.0,19.7,4.8,1.7,26.2,Sehat
491.0,24.6,16.3,0.2,41.10000000000001,Sehat
102.9,3.3,2.7,16.3,22.3,Tidak Sehat
450.0,3.2,13.9,78.1,95.19999999999999,Tidak Sehat
452.0,1.3,13.8,80.6,95.69999999999999,Tidak Sehat
529.0,3.2,29.1,63.6,95.9,Tidak Sehat
523.0,3.2,28.2,64.2,95.6,Tidak Sehat
416.0,6.5,9.4,76.3,92.2,Tidak Sehat
382.0,0.3,3.5,87.2,91.0,Tidak Sehat
129.0,1.9,6.6,15.6,24.1,Tidak Sehat
272.0,8.7,6.7,44.1,59.5,Tidak Sehat
76.0,4.1,2.5,9.2,15.799999999999999,Tidak Sehat
27.0,2.0,0.2,4.2,6.4,Tidak Sehat
280.0,8.2,10.2,39.0,57.4,Tidak Sehat
13.0,0.4,0.2,3.0,3.6,Tidak Sehat
190.0,3.3,0.3,43.5,47.1,Tidak Sehat
159.0,3.1,5.8,23.5,32.4,Tidak Sehat
137.0,4.3,4.8,19.1,28.200000000000003,Tidak Sehat
107.0,2.2,2.2,19.6,24.0,Tidak Sehat
76.0,1.1,0.9,16.0,18.0,Tidak Sehat
110.0,1.4,1.1,23.4,25.9,Tidak Sehat
92.0,1.2,0.3,21.0,22.5,Tidak Sehat
89.0,1.1,0.1,21.0,22.2,Tidak Sehat
182.0,2.4,0.4,42.2,45.0,Tidak Sehat
45.0,1.4,0.2,10.3,11.9,Tidak Sehat
39.0,1.5,0.3,0.2,2.0,Tidak Sehat
95.0,4.5,0.2,23.1,27.8,Tidak Sehat
30.0,1.3,0.7,5.8,7.8,Tidak Sehat
51.0,4.6,0.5,10.0,15.1,Tidak Sehat
41.0,2.2,0.8,6.3,9.3,Tidak Sehat
23.0,1.2,0.6,3.7,5.5,Tidak Sehat
36.0,3.5,0.5,6.5,10.5,Tidak Sehat
102.0,3.7,6.7,6.9,17.3,Tidak Sehat
48.0,1.4,4.2,2.6,8.2,Tidak Sehat
326.0,16.0,28.6,0.0,44.6,Sehat
303.0,11.3,27.0,3.7,42.0,Sehat
300.0,24.0,20.7,4.5,49.2,Sehat
65.0,1.1,5.2,3.5,9.8,Tidak Sehat
258.0,10.6,9.5,32.5,52.6,Sehat
151.0,8.6,3.1,22.3,34.0,Tidak Sehat
132.0,9.8,1.1,20.7,31.6,Tidak Sehat
116.0,11.9,4.9,6.1,22.9,Sehat
78.0,11.4,2.0,3.6,17.0,Sehat
131.0,20.2,4.3,2.8,27.3,Sehat
36.0,0.4,0.4,8.8,9.600000000000001,Tidak Sehat
145.0,1.2,0.4,34.2,35.800000000000004,Tidak Sehat
417.0,25.9,19.4,32.0,77.3,Sehat
70.0,14.6,0.8,1.0,16.4,Sehat
93.0,12.8,1.5,6.1,20.4,Sehat
55.0,1.4,0.2,12.8,14.4,Tidak Sehat
98.0,1.6,0.7,20.9,23.2,Tidak Sehat
71.0,2.3,0.3,15.4,18.0,Tidak Sehat
350.0,2.7,1.1,82.3,86.1,Tidak Sehat
364.0,3.4,0.7,86.3,90.39999999999999,Tidak Sehat
360.0,6.8,0.7,78.9,86.4,Tidak Sehat
178.0,2.1,0.1,40.6,42.800000000000004,Tidak Sehat
357.0,8.4,1.7,77.1,87.19999999999999,Tidak Sehat
369.0,9.5,1.4,77.1,88.0,Tidak Sehat
357.0,8.4,1.7,77.1,87.19999999999999,Tidak Sehat
351.0,8.0,1.3,76.9,86.2,Tidak Sehat
358.0,5.5,0.1,82.7,88.3,Tidak Sehat
307.0,4.8,0.1,71.8,76.7,Tidak Sehat
356.0,7.0,0.7,78.0,85.7,Tidak Sehat
181.0,4.0,1.2,37.3,42.5,Tidak Sehat
166.0,3.8,1.0,34.4,39.199999999999996,Tidak Sehat
360.0,8.0,2.3,74.5,84.8,Tidak Sehat
360.0,8.0,2.3,74.5,84.8,Tidak Sehat
362.0,6.7,0.7,79.4,86.80000000000001,Tidak Sehat
163.0,3.0,0.4,35.7,39.1,Tidak Sehat
172.0,3.0,0.5,37.5,41.0,Tidak Sehat
361.0,7.4,0.8,78.4,86.60000000000001,Tidak Sehat
361.0,7.4,0.8,78.4,86.60000000000001,Tidak Sehat
376.0,7.5,3.8,78.0,89.3,Tidak Sehat
339.0,7.7,4.4,73.0,85.1,Tidak Sehat
362.0,7.7,4.4,73.0,85.1,Tidak Sehat
359.0,7.5,0.9,77.6,86.0,Tidak Sehat
364.0,6.8,0.6,80.1,87.5,Tidak Sehat
353.0,6.8,0.6,80.0,87.4,Tidak Sehat
335.0,7.4,1.9,76.2,85.5,Tidak Sehat
363.0,7.6,1.1,78.3,87.0,Tidak Sehat
344.0,1.1,0.2,28.3,29.6,Tidak Sehat
354.0,7.8,0.4,79.9,88.10000000000001,Tidak Sehat
352.0,7.3,0.9,76.2,84.4,Tidak Sehat
145.0,16.3,7.0,4.1,27.4,Sehat
360.0,4.7,0.1,82.1,86.89999999999999,Tidak Sehat
154.0,3.0,4.5,25.5,33.0,Tidak Sehat
381.0,6.1,3.9,80.3,90.3,Tidak Sehat
354.0,0.5,0.3,87.4,88.2,Tidak Sehat
348.0,4.7,0.1,82.1,86.89999999999999,Tidak Sehat
562.0,21.2,49.6,23.6,94.4,Tidak Sehat
629.0,21.5,56.6,19.8,97.89999999999999,Tidak Sehat
262.0,2.3,5.4,51.1,58.800000000000004,Tidak Sehat
199.0,2.1,1.5,44.4,48.0,Tidak Sehat
225.7,3.0,0.3,52.9,56.199999999999996,Tidak Sehat
48.0,0.6,0.0,4.4,5.0,Tidak Sehat
458.0,6.9,14.4,75.1,96.39999999999999,Tidak Sehat
42.0,1.6,0.1,9.6,11.3,Tidak Sehat
51.0,0.3,0.1,12.1,12.5,Tidak Sehat
43.0,2.6,0.0,11.6,14.2,Tidak Sehat
245.0,3.4,0.0,66.2,69.60000000000001,Tidak Sehat
119.0,4.4,3.5,18.3,26.200000000000003,Tidak Sehat
23.0,1.0,0.8,7.2,9.0,Tidak Sehat
22.0,1.0,0.3,4.7,6.0,Tidak Sehat
186.0,11.7,9.7,13.0,34.4,Sehat
249.0,3.4,0.4,58.0,61.8,Tidak Sehat
400.0,4.0,0.7,95.3,100.0,Tidak Sehat
141.0,15.3,3.3,12.6,31.200000000000003,Sehat
23.0,0.8,0.2,5.2,6.2,Tidak Sehat
110.0,1.4,2.1,21.4,24.9,Tidak Sehat
38.0,1.5,0.2,7.5,9.2,Tidak Sehat
264.0,4.0,1.1,59.6,64.7,Tidak Sehat
39.0,0.7,0.2,9.7,10.6,Tidak Sehat
87.0,2.6,2.7,13.1,18.4,Tidak Sehat
71.0,1.7,3.1,9.1,13.899999999999999,Tidak Sehat
56.0,0.8,1.0,10.9,12.700000000000001,Tidak Sehat
55.0,1.2,0.1,12.2,13.5,Tidak Sehat
101.0,1.7,0.6,25.2,27.5,Tidak Sehat
78.0,0.6,0.3,18.2,19.099999999999998,Tidak Sehat
113.0,0.8,0.3,26.8,27.900000000000002,Tidak Sehat
29.0,2.1,0.7,3.6,6.4,Tidak Sehat
67.0,0.4,0.2,15.9,16.5,Tidak Sehat
365.0,49.6,4.8,30.8,85.2,Sehat
60.0,1.0,60.0,13.0,74.0,Tidak Sehat
167.0,0.2,4.0,33.0,37.2,Tidak Sehat
156.0,2.3,0.2,15.6,18.1,Tidak Sehat
72.0,11.4,4.9,1.4,17.7,Sehat
212.0,16.9,0.2,47.6,64.7,Sehat
237.0,14.7,0.2,56.0,70.9,Sehat
35.0,2.4,0.2,7.7,10.3,Tidak Sehat
60.0,5.1,0.5,8.5,14.1,Tidak Sehat
30.0,2.2,0.2,6.4,8.8,Tidak Sehat
45.0,2.6,0.3,8.1,11.0,Tidak Sehat
42.0,2.0,1.1,6.1,9.2,Tidak Sehat
333.0,29.3,3.3,50.0,82.6,Sehat
336.0,37.4,13.0,30.5,80.9,Sehat
368.0,23.0,15.0,40.0,78.0,Sehat
106.0,4.4,6.3,7.9,18.6,Tidak Sehat
141.0,4.4,10.2,8.0,22.6,Tidak Sehat
125.7,3.3,1.9,23.9,29.099999999999998,Tidak Sehat
281.0,37.5,0.3,32.1,69.9,Sehat
38.0,1.6,0.8,6.3,8.7,Tidak Sehat
26.0,0.7,0.3,5.2,6.2,Tidak Sehat
367.0,15.9,6.2,61.8,83.9,Sehat
36.0,1.0,0.3,7.3,8.6,Tidak Sehat
120.0,4.7,2.4,19.9,27.0,Tidak Sehat
20.0,1.7,0.4,3.4,5.5,Tidak Sehat
155.0,20.1,3.8,10.2,34.1,Sehat
323.0,4.9,11.5,50.1,66.5,Tidak Sehat
102.0,3.2,6.0,8.7,17.9,Tidak Sehat
366.0,11.0,3.3,73.0,87.3,Sehat
97.0,5.8,6.3,4.2,16.3,Tidak Sehat
24.0,1.9,0.2,3.7,5.800000000000001,Tidak Sehat
460.0,0.8,18.7,17.2,36.7,Tidak Sehat
116.0,3.0,0.4,28.6,32.0,Tidak Sehat
330.0,5.2,8.9,57.4,71.5,Tidak Sehat
332.0,11.0,3.3,73.0,87.3,Sehat
462.0,1.2,20.7,67.7,89.6,Tidak Sehat
168.0,13.0,9.6,7.5,30.1,Sehat
143.0,9.8,1.4,22.8,34.0,Tidak Sehat
311.0,8.0,4.0,48.9,60.9,Tidak Sehat
472.0,2.0,29.8,62.7,94.5,Tidak Sehat
504.0,5.5,52.9,29.2,87.6,Tidak Sehat
381.0,9.0,35.0,53.6,97.6,Tidak Sehat
210.0,1.6,6.6,35.8,44.0,Tidak Sehat
241.0,16.0,25.0,0.0,41.0,Sehat
96.0,6.8,5.9,3.8,16.5,Tidak Sehat
84.0,6.0,6.0,1.4,13.4,Tidak Sehat
145.0,27.0,2.3,0.0,29.3,Sehat
12.0,0.1,0.1,5.0,5.2,Tidak Sehat
265.0,40.6,10.1,0.0,50.7,Sehat
75.0,16.1,0.7,0.1,16.900000000000002,Sehat
190.0,19.1,12.0,0.0,31.1,Sehat
191.0,32.0,6.0,0.0,38.0,Sehat
457.0,11.6,45.0,0.0,56.6,Sehat
376.0,14.1,35.0,0.0,49.1,Sehat
206.0,17.1,14.8,0.0,31.900000000000002,Sehat
154.0,16.6,9.2,0.0,25.8,Sehat
84.0,18.7,0.5,0.0,19.2,Sehat
118.0,18.1,4.1,0.9,23.1,Sehat
207.0,18.8,14.0,0.0,32.8,Sehat
27.0,1.3,0.6,4.0,5.9,Tidak Sehat
29.0,1.8,0.7,5.2,7.7,Tidak Sehat
41.0,2.0,0.3,7.8,10.1,Tidak Sehat
41.0,2.7,1.0,7.3,11.0,Tidak Sehat
50.0,4.4,1.4,7.8,13.600000000000001,Tidak Sehat
42.0,1.8,0.5,9.4,11.7,Tidak Sehat
122.0,6.0,1.0,26.0,33.0,Tidak Sehat
60.0,3.1,0.3,14.0,17.4,Tidak Sehat
58.0,2.9,0.7,10.0,13.6,Tidak Sehat
30.0,1.3,0.7,5.8,7.8,Tidak Sehat
50.0,4.6,0.9,7.0,12.5,Tidak Sehat
62.0,4.2,0.9,9.2,14.3,Tidak Sehat
73.0,4.6,0.5,16.2,21.299999999999997,Tidak Sehat
34.0,3.8,0.5,5.3,9.6,Tidak Sehat
93.0,5.0,1.3,15.3,21.6,Tidak Sehat
27.0,2.1,0.7,4.4,7.2,Tidak Sehat
36.0,2.9,0.6,6.8,10.3,Tidak Sehat
34.0,4.1,0.4,5.8,10.3,Tidak Sehat
40.0,3.7,0.3,8.0,12.0,Tidak Sehat
30.0,3.1,0.3,5.8,9.2,Tidak Sehat
92.0,4.0,3.6,10.9,18.5,Tidak Sehat
59.0,4.8,1.0,11.0,16.8,Tidak Sehat
53.0,5.3,0.9,9.1,15.3,Tidak Sehat
59.0,6.4,1.0,9.9,17.3,Tidak Sehat
47.0,5.0,0.5,8.5,14.0,Tidak Sehat
59.0,2.8,0.3,13.4,16.5,Tidak Sehat
82.0,6.7,1.7,14.3,22.700000000000003,Tidak Sehat
61.0,6.1,0.9,10.0,17.0,Tidak Sehat
46.0,4.0,0.5,8.9,13.4,Tidak Sehat
45.0,3.7,0.5,6.6,10.8,Tidak Sehat
48.0,4.5,0.8,9.1,14.399999999999999,Tidak Sehat
22.0,2.1,0.5,3.6,6.2,Tidak Sehat
23.0,3.0,0.3,3.7,7.0,Tidak Sehat
51.0,2.5,1.1,8.0,11.6,Tidak Sehat
14.0,1.3,0.3,2.3,3.9,Tidak Sehat
60.0,4.0,0.4,4.7,9.100000000000001,Tidak Sehat
30.0,3.6,0.6,4.5,8.7,Tidak Sehat
87.0,8.3,1.8,14.4,24.5,Tidak Sehat
76.0,2.8,0.2,15.8,18.8,Tidak Sehat
45.0,4.7,0.5,8.1,13.3,Tidak Sehat
30.0,2.3,0.4,5.8,8.5,Tidak Sehat
40.0,3.0,0.8,7.4,11.2,Tidak Sehat
54.0,3.7,0.3,11.8,15.8,Tidak Sehat
71.0,6.8,1.6,11.5,19.9,Tidak Sehat
99.0,5.0,1.3,21.3,27.6,Tidak Sehat
63.0,3.8,1.5,11.5,16.8,Tidak Sehat
166.0,1.7,0.5,38.8,41.0,Tidak Sehat
22.0,1.0,0.1,5.3,6.4,Tidak Sehat
22.0,1.0,0.1,5.3,6.4,Tidak Sehat
35.0,4.0,0.3,6.4,10.7,Tidak Sehat
54.0,2.2,3.6,3.1,8.9,Tidak Sehat
39.0,4.5,0.4,6.9,11.8,Tidak Sehat
53.0,3.4,1.2,7.2,11.8,Tidak Sehat
29.0,3.4,0.1,6.5,10.0,Tidak Sehat
104.0,3.9,0.6,17.9,22.4,Tidak Sehat
49.0,2.7,1.0,8.4,12.100000000000001,Tidak Sehat
87.0,8.0,2.0,11.9,21.9,Tidak Sehat
128.0,12.0,6.5,12.4,30.9,Sehat
37.0,2.5,0.8,6.9,10.2,Tidak Sehat
301.0,14.2,10.9,49.0,74.1,Sehat
62.0,4.0,0.5,10.5,15.0,Tidak Sehat
45.0,4.4,8.0,0.5,12.9,Tidak Sehat
45.0,4.4,0.5,8.5,13.4,Tidak Sehat
53.0,3.2,2.5,7.6,13.3,Tidak Sehat
68.0,2.0,1.0,15.2,18.2,Tidak Sehat
73.0,6.8,1.2,13.0,21.0,Tidak Sehat
144.0,12.7,1.2,25.2,39.099999999999994,Sehat
50.0,6.2,1.1,7.1,14.4,Tidak Sehat
74.0,6.3,0.7,10.7,17.7,Tidak Sehat
55.0,4.0,0.5,8.5,13.0,Tidak Sehat
31.0,3.7,0.6,4.8,9.1,Tidak Sehat
50.0,6.2,1.1,7.1,14.4,Tidak Sehat
36.0,2.6,0.9,6.1,9.6,Tidak Sehat
27.0,1.3,0.2,5.9,7.4,Tidak Sehat
59.0,3.0,0.4,13.5,16.9,Tidak Sehat
71.0,4.1,2.1,12.3,18.5,Tidak Sehat
27.0,1.3,0.2,5.9,7.4,Tidak Sehat
70.0,2.9,0.3,13.9,17.1,Tidak Sehat
47.0,2.8,0.4,10.4,13.6,Tidak Sehat
56.0,3.1,0.3,13.0,16.4,Tidak Sehat
62.0,3.7,0.3,11.1,15.1,Tidak Sehat
56.0,3.1,0.3,13.0,16.4,Tidak Sehat
48.0,3.0,0.3,10.8,14.100000000000001,Tidak Sehat
46.0,2.8,0.2,8.2,11.2,Tidak Sehat
55.0,1.7,0.1,11.9,13.700000000000001,Tidak Sehat
260.0,2.0,15.0,53.0,70.0,Tidak Sehat
382.0,55.7,14.1,8.0,77.8,Sehat
433.0,55.0,9.0,0.0,64.0,Sehat
598.0,74.3,26.9,9.2,110.39999999999999,Tidak Sehat
77.0,13.8,1.9,0.7,16.400000000000002,Sehat
104.0,21.9,1.1,0.0,23.0,Sehat
248.0,10.0,2.3,40.9,53.2,Sehat
395.0,3.0,5.7,81.2,89.9,Tidak Sehat
298.0,3.7,2.1,65.9,71.7,Tidak Sehat
368.0,2.6,8.6,70.0,81.2,Tidak Sehat
348.0,0.4,3.8,76.1,80.3,Tidak Sehat
331.0,1.9,7.6,63.8,73.3,Tidak Sehat
373.0,4.3,16.5,51.9,72.7,Tidak Sehat
17.5,3.3,2.3,39.5,45.1,Tidak Sehat
317.0,15.7,27.7,0.0,43.4,Sehat
202.0,17.1,14.8,0.0,31.900000000000002,Sehat
100.0,16.6,3.3,1.0,20.900000000000002,Sehat
63.0,1.0,0.2,16.1,17.3,Tidak Sehat
134.0,2.5,3.0,28.0,33.5,Tidak Sehat
80.0,0.5,0.6,18.2,19.3,Tidak Sehat
18.0,1.0,0.2,3.8,5.0,Tidak Sehat
98.0,1.4,0.2,25.4,27.0,Tidak Sehat
248.0,36.2,6.9,10.1,53.2,Sehat
590.0,18.5,57.0,0.0,75.5,Tidak Sehat
345.0,12.0,1.5,71.5,85.0,Sehat
403.0,10.6,2.2,85.3,98.1,Sehat
355.0,17.8,4.6,60.7,83.1,Sehat
122.0,3.5,4.5,17.5,25.5,Tidak Sehat
538.0,13.6,30.3,52.6,96.5,Tidak Sehat
524.0,13.3,29.2,52.0,94.5,Tidak Sehat
565.0,18.2,38.4,36.8,93.39999999999999,Tidak Sehat
70.0,0.6,0.0,18.9,19.5,Tidak Sehat
210.0,4.0,12.5,20.6,37.1,Tidak Sehat
156.7,3.0,1.7,32.7,37.400000000000006,Tidak Sehat
152.0,0.0,0.0,37.6,37.6,Tidak Sehat
44.8,0.0,0.0,11.3,11.3,Tidak Sehat
270.0,12.3,15.9,19.3,47.5,Sehat
322.0,2.4,0.6,76.6,79.6,Tidak Sehat
137.0,6.1,3.2,21.0,30.3,Tidak Sehat
88.0,0.8,0.3,20.9,22.0,Tidak Sehat
101.0,2.1,0.2,23.2,25.5,Tidak Sehat
88.0,0.6,0.3,20.9,21.799999999999997,Tidak Sehat
100.0,0.9,0.3,23.5,24.7,Tidak Sehat
18.0,0.8,0.2,4.1,5.1,Tidak Sehat
13.0,0.3,0.6,1.6,2.5,Tidak Sehat
68.0,0.7,0.1,18.0,18.8,Tidak Sehat
100.0,0.8,0.2,23.8,24.8,Tidak Sehat
95.0,1.0,0.1,22.6,23.700000000000003,Tidak Sehat
100.0,0.8,0.2,23.8,24.8,Tidak Sehat
77.0,0.6,0.2,18.4,19.2,Tidak Sehat
338.0,1.5,0.7,81.3,83.5,Tidak Sehat
191.0,4.5,1.5,39.7,45.7,Tidak Sehat
347.0,1.3,0.7,83.8,85.8,Tidak Sehat
195.0,0.4,1.7,44.4,46.5,Tidak Sehat
389.0,0.0,0.0,91.0,91.0,Tidak Sehat
95.0,1.5,0.1,22.4,24.0,Tidak Sehat
131.0,1.1,0.2,31.3,32.6,Tidak Sehat
274.0,1.7,5.4,55.5,62.6,Tidak Sehat
407.0,6.4,28.2,32.0,66.6,Tidak Sehat
35.0,1.7,0.2,7.7,9.6,Tidak Sehat
350.0,1.4,14.4,53.6,69.4,Tidak Sehat
462.0,3.1,24.4,57.7,85.2,Tidak Sehat
75.0,8.2,2.0,6.0,16.2,Tidak Sehat
360.0,1.3,6.4,74.3,82.0,Tidak Sehat
171.4,4.0,4.0,32.0,40.0,Tidak Sehat
144.0,1.1,0.4,34.1,35.6,Tidak Sehat
204.0,0.5,1.4,47.4,49.3,Tidak Sehat
114.0,16.3,4.6,0.8,21.7,Sehat
105.0,16.6,3.3,1.0,20.900000000000002,Sehat
141.0,15.0,8.1,0.9,24.0,Sehat
53.0,1.6,1.6,8.8,12.0,Tidak Sehat
160.0,3.3,9.2,16.0,28.5,Tidak Sehat
368.0,0.0,0.0,95.0,95.0,Tidak Sehat
386.0,3.0,10.0,76.0,89.0,Tidak Sehat
356.0,0.4,0.5,90.6,91.5,Tidak Sehat
394.0,0.0,0.0,94.0,94.0,Tidak Sehat
52.0,10.0,0.5,1.8,12.3,Sehat
106.0,16.5,3.3,2.5,22.3,Sehat
148.0,10.0,9.8,5.0,24.8,Sehat
126.0,4.2,9.4,6.2,19.8,Tidak Sehat
110.0,5.9,8.2,3.2,17.3,Tidak Sehat
143.0,4.0,11.4,6.0,21.4,Tidak Sehat
176.0,7.3,14.9,3.2,25.4,Tidak Sehat
132.0,9.0,7.2,7.8,24.0,Tidak Sehat
192.0,12.7,10.1,12.7,35.5,Sehat
218.0,0.5,2.5,48.5,51.5,Tidak Sehat
389.0,16.9,35.0,0.3,52.199999999999996,Sehat
65.0,10.0,1.0,3.5,14.5,Sehat
134.0,19.7,4.8,1.7,26.2,Sehat
136.0,19.7,3.2,6.0,28.9,Sehat
390.0,14.2,7.4,68.2,89.80000000000001,Sehat
127.0,1.2,0.5,29.5,31.2,Tidak Sehat
146.0,17.7,5.9,5.6,29.200000000000003,Sehat
380.0,33.6,27.5,0.0,61.1,Sehat
456.0,46.5,24.4,0.0,70.9,Sehat
348.0,18.7,29.5,0.0,48.2,Sehat
193.0,42.0,1.5,0.0,43.5,Sehat
430.0,58.2,23.6,0.0,81.80000000000001,Sehat
652.0,40.4,54.3,0.0,94.69999999999999,Tidak Sehat
319.0,6.9,31.7,0.0,38.6,Tidak Sehat
430.0,33.4,32.4,0.0,65.8,Sehat
198.0,19.0,13.0,0.0,32.0,Sehat
107.0,16.5,3.9,1.5,21.9,Sehat
112.0,20.0,1.3,3.7,25.0,Sehat
129.0,20.0,4.8,0.0,24.8,Sehat
296.0,17.1,20.3,11.3,48.7,Sehat
111.0,19.4,0.9,4.8,25.099999999999998,Sehat
78.0,14.5,0.6,3.7,18.8,Sehat
144.0,17.8,5.8,5.2,28.8,Sehat
123.0,15.1,5.5,3.3,23.900000000000002,Sehat
96.0,19.0,1.7,0.0,20.7,Sehat
138.0,14.0,0.7,7.4,22.1,Sehat
128.0,18.0,3.0,7.2,28.2,Sehat
80.0,14.7,1.4,2.2,18.299999999999997,Sehat
417.0,25.9,19.4,32.0,77.3,Sehat
82.0,6.7,1.0,10.9,18.6,Tidak Sehat
66.0,14.0,0.0,0.0,14.0,Sehat
90.0,14.9,2.5,2.1,19.5,Sehat
88.0,14.2,0.7,6.2,21.099999999999998,Sehat
100.0,14.7,2.4,4.9,22.0,Sehat
134.0,25.5,1.3,5.0,31.8,Sehat
204.0,34.2,5.6,1.9,41.7,Sehat
198.0,36.5,2.2,5.5,44.2,Sehat
120.0,11.3,3.9,10.0,25.200000000000003,Sehat
116.0,11.2,1.2,10.2,22.599999999999998,Sehat
86.0,10.2,1.1,8.7,20.0,Sehat
107.0,19.6,0.7,5.5,25.8,Sehat
81.0,11.4,1.9,3.8,17.1,Sehat
101.0,11.5,4.1,4.6,20.2,Sehat
109.0,17.0,4.0,0.0,21.0,Sehat
261.0,38.1,2.3,21.9,62.3,Sehat
292.0,58.0,4.0,0.0,62.0,Sehat
74.0,25.2,1.7,0.0,26.9,Sehat
267.0,23.1,19.4,0.2,42.7,Sehat
101.0,10.3,3.7,6.7,20.7,Sehat
298.0,46.3,3.6,20.2,70.1,Sehat
57.0,10.7,0.3,2.2,13.2,Sehat
77.0,15.6,0.9,1.6,18.1,Sehat
92.0,20.0,0.7,0.0,20.7,Sehat
82.0,11.4,1.2,6.4,19.0,Sehat
132.0,17.0,6.7,0.8,24.5,Sehat
162.0,31.7,2.8,0.3,34.8,Sehat
110.0,12.6,4.2,5.4,22.200000000000003,Sehat
302.0,70.7,1.9,0.4,73.00000000000001,Sehat
103.0,22.0,1.0,0.0,23.0,Sehat
70.0,10.8,0.7,5.2,16.7,Sehat
147.0,17.5,6.5,5.4,29.4,Sehat
109.0,22.0,1.7,0.0,23.7,Sehat
82.0,18.0,1.0,0.4,19.4,Sehat
90.0,20.4,0.9,0.0,21.299999999999997,Sehat
252.0,19.9,19.1,0.0,39.0,Sehat
112.0,20.0,3.0,0.0,23.0,Sehat
104.0,15.6,3.2,2.0,20.8,Sehat
258.0,40.3,2.3,18.9,61.49999999999999,Sehat
99.0,20.6,1.4,0.9,22.9,Sehat
86.0,16.0,2.0,0.0,18.0,Sehat
188.0,19.3,12.2,0.0,31.5,Sehat
209.0,15.2,11.3,11.8,38.3,Sehat
97.0,17.9,2.0,0.4,20.299999999999997,Sehat
598.0,74.3,26.9,9.2,110.39999999999999,Tidak Sehat
582.0,68.3,15.2,37.2,120.7,Tidak Sehat
416.0,46.9,23.9,0.0,70.8,Sehat
121.0,21.7,2.8,0.8,25.3,Sehat
89.0,18.7,1.0,0.0,19.7,Sehat
154.0,16.8,5.0,10.5,32.3,Sehat
125.0,21.3,3.4,2.2,26.9,Sehat
152.0,17.6,6.1,6.7,30.400000000000002,Sehat
120.0,14.3,4.9,4.6,23.800000000000004,Sehat
144.0,17.5,6.3,4.3,28.1,Sehat
132.0,17.0,6.6,1.1,24.700000000000003,Sehat
156.0,28.0,4.0,2.0,34.0,Sehat
176.0,32.0,4.4,0.0,36.4,Sehat
157.0,28.0,4.2,1.8,34.0,Sehat
170.0,31.0,4.2,0.0,35.2,Sehat
153.0,30.0,2.8,0.0,32.8,Sehat
142.0,27.0,3.0,0.0,30.0,Sehat
415.0,61.3,17.6,2.9,81.80000000000001,Sehat
534.0,40.2,39.3,4.9,84.4,Tidak Sehat
284.0,34.1,9.9,14.6,58.6,Sehat
113.0,13.9,4.9,3.4,22.2,Sehat
240.0,21.7,7.7,20.7,50.099999999999994,Sehat
109.0,19.9,1.8,3.4,25.099999999999998,Sehat
113.0,17.0,4.5,0.0,21.5,Sehat
194.0,38.0,3.5,0.0,41.5,Sehat
138.0,27.0,3.3,0.0,30.3,Sehat
100.0,18.8,2.2,0.0,21.0,Sehat
289.0,38.0,14.0,0.0,52.0,Sehat
84.0,15.2,0.6,4.7,20.5,Sehat
81.0,11.4,1.9,3.8,17.1,Sehat
199.0,34.1,3.8,7.1,45.0,Sehat
111.0,13.3,3.4,6.7,23.4,Sehat
88.0,15.9,0.9,4.1,20.9,Sehat
96.0,19.5,1.1,2.0,22.6,Sehat
95.0,15.8,0.7,6.5,23.0,Sehat
358.0,20.7,26.4,9.4,56.49999999999999,Sehat
204.0,16.0,15.0,0.0,31.0,Sehat
101.0,15.1,4.1,1.0,20.2,Sehat
316.0,60.1,6.5,22.4,89.0,Sehat
98.0,19.6,1.7,1.0,22.3,Sehat
277.0,60.0,2.3,1.8,64.1,Sehat
170.0,33.4,3.0,0.0,36.4,Sehat
331.0,68.7,4.2,0.0,72.9,Sehat
144.0,32.5,0.6,0.0,33.1,Sehat
74.0,10.3,1.4,4.1,15.8,Sehat
347.0,48.8,6.4,19.6,74.8,Sehat
82.0,17.4,0.4,2.3,20.099999999999998,Sehat
100.0,13.7,1.5,8.0,23.2,Sehat
96.0,19.2,2.0,0.2,21.4,Sehat
474.0,7.6,21.6,62.3,91.5,Tidak Sehat
496.0,30.3,33.5,18.4,82.19999999999999,Sehat
156.0,2.7,1.3,33.3,37.3,Tidak Sehat
361.0,8.7,4.5,72.4,85.60000000000001,Tidak Sehat
129.0,4.1,1.3,30.3,35.7,Tidak Sehat
307.0,7.9,3.4,63.6,74.9,Tidak Sehat
366.0,9.8,7.3,69.1,86.19999999999999,Tidak Sehat
355.0,9.2,3.9,73.7,86.8,Tidak Sehat
154.0,3.8,3.5,28.4,35.699999999999996,Tidak Sehat
140.0,4.7,1.3,33.1,39.1,Tidak Sehat
355.0,9.2,3.9,73.7,86.8,Tidak Sehat
35.0,2.2,0.1,7.4,9.700000000000001,Tidak Sehat
147.0,5.1,0.7,31.5,37.3,Tidak Sehat
142.0,5.0,0.7,30.3,36.0,Tidak Sehat
367.0,6.2,5.1,76.2,87.5,Tidak Sehat
368.0,5.5,4.6,78.0,88.1,Tidak Sehat
361.0,8.7,4.5,72.4,85.60000000000001,Tidak Sehat
129.0,4.1,1.3,30.3,35.7,Tidak Sehat
307.0,7.9,3.4,63.6,74.9,Tidak Sehat
355.0,9.2,3.9,73.7,86.8,Tidak Sehat
140.0,4.7,1.3,33.1,39.1,Tidak Sehat
175.0,1.8,1.8,35.0,38.6,Tidak Sehat
148.9,10.4,10.4,20.1,40.900000000000006,Sehat
374.0,9.4,2.2,79.1,90.69999999999999,Tidak Sehat
51.0,1.5,1.0,10.1,12.6,Tidak Sehat
289.0,11.0,4.0,61.0,76.0,Sehat
239.0,0.5,0.6,64.5,65.6,Tidak Sehat
286.0,48.5,9.2,2.3,60.0,Sehat
46.0,0.6,0.0,11.8,12.4,Tidak Sehat
49.0,0.9,0.3,12.2,13.399999999999999,Tidak Sehat
61.0,0.9,0.3,15.4,16.6,Tidak Sehat
56.0,0.6,0.3,14.2,15.1,Tidak Sehat
64.0,0.7,0.6,15.8,17.1,Tidak Sehat
350.0,6.2,1.4,78.2,85.8,Tidak Sehat
45.0,2.5,3.9,0.0,6.4,Tidak Sehat
296.0,9.4,1.1,62.0,72.5,Tidak Sehat
294.0,16.0,0.9,64.6,81.5,Sehat
21.0,3.8,0.6,0.9,5.3,Tidak Sehat
30.0,3.5,0.2,4.0,7.7,Tidak Sehat
48.0,2.8,4.1,2.9,9.799999999999999,Tidak Sehat
48.0,1.9,3.2,2.8,7.8999999999999995,Tidak Sehat
30.0,1.9,0.1,5.5,7.5,Tidak Sehat
107.0,5.3,2.2,16.5,24.0,Tidak Sehat
31.0,1.2,0.3,7.1,8.6,Tidak Sehat
500.0,1.2,25.1,67.3,93.6,Tidak Sehat
48.0,2.5,4.2,0.0,6.7,Tidak Sehat
334.0,9.7,3.5,73.4,86.60000000000001,Tidak Sehat
381.7,9.5,9.5,65.8,84.8,Tidak Sehat
192.0,5.4,0.3,40.7,46.400000000000006,Tidak Sehat
48.0,0.6,0.2,12.4,13.200000000000001,Tidak Sehat
61.0,0.8,0.2,14.1,15.1,Tidak Sehat
44.0,0.8,0.3,10.9,12.0,Tidak Sehat
39.0,0.3,0.3,8.9,9.5,Tidak Sehat
45.0,0.9,0.2,11.2,12.299999999999999,Tidak Sehat
37.0,0.8,0.1,12.3,13.200000000000001,Tidak Sehat
49.0,0.7,0.2,11.1,12.0,Tidak Sehat
32.0,1.9,0.3,7.1,9.299999999999999,Tidak Sehat
15.0,15.2,4.3,8.8,28.3,Sehat
130.0,6.7,0.3,25.2,32.2,Tidak Sehat
133.0,1.0,0.2,32.2,33.400000000000006,Tidak Sehat
250.0,2.6,2.5,35.4,40.5,Tidak Sehat
356.0,20.5,4.1,61.6,86.2,Sehat
330.0,23.8,1.4,60.2,85.4,Sehat
533.0,27.8,38.1,28.8,94.7,Tidak Sehat
341.0,30.4,3.2,51.3,84.9,Sehat
400.0,34.4,16.9,34.1,85.4,Sehat
204.0,16.9,8.8,17.5,43.2,Sehat
212.0,17.5,10.0,12.9,40.4,Sehat
118.0,4.4,1.5,21.6,27.5,Tidak Sehat
479.0,12.7,23.2,58.9,94.8,Sehat
370.0,16.0,6.0,65.0,87.0,Sehat
161.0,7.7,2.8,27.1,37.6,Tidak Sehat
165.0,7.7,3.1,27.4,38.2,Tidak Sehat
331.0,25.0,1.0,58.0,84.0,Sehat
129.0,12.4,0.7,18.3,31.4,Sehat
336.0,23.1,1.7,59.5,84.3,Sehat
516.0,14.7,31.1,44.4,90.19999999999999,Tidak Sehat
336.0,20.7,1.4,62.0,84.1,Sehat
316.0,20.7,1.0,58.0,79.7,Sehat
114.0,7.0,0.6,20.8,28.4,Tidak Sehat
123.0,8.4,0.6,1.8,10.8,Tidak Sehat
147.0,9.0,0.5,27.5,37.0,Tidak Sehat
323.0,22.9,1.5,56.8,81.19999999999999,Sehat
109.0,8.7,0.5,18.3,27.5,Tidak Sehat
350.0,17.1,1.8,70.7,89.60000000000001,Sehat
339.0,20.8,2.1,64.6,87.5,Sehat
346.0,16.6,1.7,66.1,84.39999999999999,Sehat
345.0,22.2,1.2,62.9,86.3,Sehat
445.0,11.0,11.0,65.5,87.5,Sehat
98.0,6.7,0.4,17.7,24.8,Tidak Sehat
286.0,30.2,15.6,30.1,75.9,Sehat
521.0,32.2,37.7,22.9,92.80000000000001,Tidak Sehat
381.0,40.4,16.7,24.9,82.0,Sehat
75.0,4.1,2.1,10.7,16.9,Tidak Sehat
189.0,20.2,8.2,12.7,41.099999999999994,Sehat
286.0,30.2,15.6,30.1,75.9,Sehat
327.0,16.4,4.3,55.8,76.5,Sehat
355.0,17.0,2.5,66.0,85.5,Sehat
346.0,16.5,1.5,66.6,84.6,Sehat
22.0,1.1,1.0,3.4,5.5,Tidak Sehat
344.0,16.7,2.1,64.6,83.39999999999999,Sehat
336.0,23.1,1.7,59.5,84.3,Sehat
350.0,13.9,3.0,66.9,83.80000000000001,Sehat
314.0,22.1,1.1,56.2,79.4,Sehat
158.0,10.3,0.9,28.2,39.4,Sehat
171.0,11.0,2.2,28.0,41.2,Sehat
144.0,10.0,1.0,24.7,35.7,Sehat
280.0,16.7,1.6,63.2,81.5,Sehat
629.0,20.4,56.3,19.8,96.49999999999999,Tidak Sehat
616.0,16.3,48.4,28.7,93.4,Tidak Sehat
480.0,18.4,19.1,58.5,96.0,Sehat
44.0,2.7,0.3,7.8,10.8,Tidak Sehat
357.0,17.3,1.5,70.0,88.8,Sehat
39.0,3.0,0.6,7.6,11.2,Tidak Sehat
150.0,2.5,12.5,7.0,22.0,Tidak Sehat
37.0,3.1,0.2,7.9,11.200000000000001,Tidak Sehat
484.0,8.8,26.1,57.7,92.60000000000001,Tidak Sehat
488.0,25.6,25.6,59.6,110.80000000000001,Sehat
535.0,27.8,38.1,28.8,94.7,Tidak Sehat
564.0,25.5,44.4,25.5,95.4,Tidak Sehat
561.0,25.5,43.8,26.0,95.3,Tidak Sehat
525.0,27.9,42.7,17.4,88.0,Tidak Sehat
385.0,14.0,31.0,13.0,58.0,Sehat
360.0,13.5,31.2,12.8,57.5,Sehat
513.0,17.5,32.5,44.3,94.3,Tidak Sehat
569.0,28.8,48.4,15.8,93.0,Tidak Sehat
559.0,26.9,44.2,23.6,94.69999999999999,Tidak Sehat
561.0,25.5,43.8,26.0,95.3,Tidak Sehat
748.0,20.8,20.8,124.8,166.4,Tidak Sehat
331.0,24.4,1.9,56.6,82.9,Sehat
138.0,10.7,1.1,22.6,34.4,Sehat
342.0,22.9,1.4,61.6,85.9,Sehat
138.0,10.7,1.1,22.6,34.4,Sehat
451.0,11.2,20.2,59.7,91.1,Sehat
351.0,12.2,1.2,72.9,86.30000000000001,Sehat
358.0,23.4,2.4,60.6,86.4,Sehat
354.0,12.8,1.8,69.3,83.9,Sehat
110.0,4.5,6.9,7.1,18.5,Tidak Sehat
413.0,28.7,19.8,29.8,78.3,Sehat
92.0,20.0,0.7,0.0,20.7,Sehat
66.0,2.8,6.8,3.4,13.0,Tidak Sehat
163.0,16.5,9.0,4.1,29.6,Sehat
122.0,13.8,5.7,3.9,23.4,Sehat
157.0,8.1,8.8,11.4,28.299999999999997,Tidak Sehat
193.0,10.6,12.4,9.7,32.7,Sehat
149.0,16.6,9.2,0.0,25.8,Sehat
164.0,3.0,2.4,32.6,38.0,Tidak Sehat
29.0,3.0,0.3,5.4,8.7,Tidak Sehat
30.0,3.2,0.7,4.7,8.600000000000001,Tidak Sehat
22.0,2.5,0.6,3.1,6.2,Tidak Sehat
43.0,1.8,0.2,8.4,10.4,Tidak Sehat
52.0,1.8,3.6,3.0,8.4,Tidak Sehat
38.0,2.4,2.0,2.6,7.0,Tidak Sehat
42.0,3.3,0.2,9.6,13.1,Tidak Sehat
41.0,2.0,0.3,7.8,10.1,Tidak Sehat
158.0,4.4,3.2,27.8,35.4,Tidak Sehat
25.0,2.3,0.2,3.5,6.0,Tidak Sehat
146.7,5.9,5.9,19.7,31.5,Tidak Sehat
92.0,2.2,3.3,14.1,19.6,Tidak Sehat
292.0,11.2,11.2,2.8,25.2,Sehat
73.0,16.4,0.3,0.0,16.7,Sehat
275.0,12.6,14.8,54.6,82.0,Sehat
356.0,9.0,8.5,64.5,82.0,Tidak Sehat
120.0,3.5,2.5,20.8,26.8,Tidak Sehat
46.0,5.7,1.3,9.0,16.0,Tidak Sehat
464.0,1.2,18.6,73.0,92.8,Tidak Sehat
405.0,32.8,17.0,36.5,86.3,Sehat
35.0,2.9,0.2,0.8,3.9000000000000004,Tidak Sehat
32.0,2.9,0.2,5.8,8.9,Tidak Sehat
34.0,0.9,1.0,6.7,8.6,Tidak Sehat
47.0,0.5,0.2,10.4,11.1,Tidak Sehat
326.0,22.8,20.3,13.1,56.2,Sehat
590.0,27.0,49.0,20.9,96.9,Tidak Sehat
623.0,2.0,52.1,36.5,90.6,Tidak Sehat
17.0,0.2,0.1,3.8,4.1,Tidak Sehat
68.0,1.0,0.9,14.0,15.9,Tidak Sehat
180.0,4.0,15.0,10.0,29.0,Tidak Sehat
359.0,3.4,34.7,14.0,52.1,Tidak Sehat
214.0,5.4,5.4,40.2,51.0,Tidak Sehat
111.0,1.5,0.3,27.2,29.0,Tidak Sehat
142.0,16.9,7.8,0.0,24.7,Sehat
48.0,1.0,0.2,11.9,13.1,Tidak Sehat
380.0,48.9,13.8,23.3,86.0,Sehat
44.0,1.8,0.6,9.6,12.0,Tidak Sehat
636.0,19.0,63.0,8.0,90.0,Tidak Sehat
657.0,15.0,66.0,13.0,94.0,Tidak Sehat
616.0,13.9,56.2,13.7,83.80000000000001,Tidak Sehat
83.0,2.0,0.1,19.1,21.200000000000003,Tidak Sehat
142.0,0.9,0.4,33.7,35.0,Tidak Sehat
64.0,12.0,1.0,2.0,15.0,Sehat
204.0,2.6,20.0,4.0,26.6,Tidak Sehat
151.0,13.8,3.8,14.1,31.700000000000003,Sehat
59.0,18.0,1.1,3.6,22.700000000000003,Sehat
393.0,38.9,13.3,29.4,81.6,Sehat
357.0,41.1,10.0,25.6,76.7,Sehat
79.0,18.7,0.5,0.0,19.2,Sehat
475.0,1.6,25.5,64.4,91.5,Tidak Sehat
137.0,1.3,1.1,29.8,32.2,Tidak Sehat
586.0,4.9,40.6,50.2,95.7,Tidak Sehat
446.0,2.8,14.5,76.0,93.3,Tidak Sehat
448.0,2.7,18.8,67.1,88.6,Tidak Sehat
485.0,1.7,22.2,69.7,93.6,Tidak Sehat
598.0,8.3,43.8,42.6,94.69999999999999,Tidak Sehat
478.0,0.9,20.7,72.0,93.6,Tidak Sehat
481.0,2.2,19.7,73.6,95.5,Tidak Sehat
581.0,12.1,40.6,41.7,94.4,Tidak Sehat
542.0,40.3,42.4,11.6,94.29999999999998,Tidak Sehat
510.0,12.3,27.9,52.4,92.6,Tidak Sehat
529.0,20.8,31.7,40.2,92.7,Tidak Sehat
486.0,0.2,23.9,67.6,91.69999999999999,Tidak Sehat
26.0,1.7,0.4,3.8,5.9,Tidak Sehat
350.0,0.5,0.2,85.9,86.60000000000001,Tidak Sehat
444.0,6.9,14.6,71.3,92.8,Tidak Sehat
342.0,16.0,0.4,65.6,82.0,Sehat
325.0,1.8,0.4,78.5,80.7,Tidak Sehat
504.0,5.6,28.1,57.1,90.80000000000001,Tidak Sehat
356.0,9.7,1.1,76.9,87.7,Tidak Sehat
422.0,83.0,4.0,0.0,87.0,Sehat
345.0,12.0,1.5,71.5,85.0,Sehat
431.0,11.1,16.2,63.0,90.3,Sehat
439.0,10.0,16.4,65.7,92.1,Sehat
485.0,11.5,24.5,59.1,95.1,Sehat
476.0,0.1,21.1,71.3,92.5,Tidak Sehat
46.7,17.3,17.3,81.3,115.9,Sehat
340.0,30.0,30.0,52.0,112.0,Sehat
359.0,17.2,68.2,332.0,417.4,Tidak Sehat
477.0,4.7,20.5,68.5,93.7,Tidak Sehat
588.0,53.7,40.9,1.2,95.8,Tidak Sehat
78.0,0.8,0.4,20.0,21.2,Tidak Sehat
181.0,4.0,1.2,37.3,42.5,Tidak Sehat
163.0,3.0,0.4,35.7,39.1,Tidak Sehat
340.0,11.0,11.0,54.0,76.0,Sehat
157.0,0.8,0.3,37.9,39.0,Tidak Sehat
154.0,1.0,0.3,36.8,38.099999999999994,Tidak Sehat
153.0,1.2,0.3,36.4,37.9,Tidak Sehat
12.0,0.7,0.1,2.7,3.5,Tidak Sehat
9.0,0.5,0.1,1.9,2.5,Tidak Sehat
153.0,7.9,7.7,13.0,28.6,Tidak Sehat
404.0,14.1,16.1,54.2,84.4,Sehat
212.0,4.0,4.6,38.6,47.2,Tidak Sehat
109.6,2.6,2.6,18.6,23.8,Tidak Sehat
310.0,10.0,24.0,13.5,47.5,Sehat
73.0,16.4,0.3,0.0,16.7,Sehat
86.0,1.6,0.2,13.0,14.8,Tidak Sehat
99.0,3.3,0.1,21.2,24.599999999999998,Tidak Sehat
25.0,2.4,0.2,4.9,7.5,Tidak Sehat
24.0,1.4,0.2,5.3,6.8999999999999995,Tidak Sehat
352.0,17.4,1.3,69.0,87.7,Sehat
129.0,12.3,0.5,35.0,47.8,Sehat
356.0,20.5,4.1,61.6,86.2,Sehat
332.0,24.0,3.0,55.0,82.0,Sehat
141.0,10.2,1.3,23.2,34.7,Sehat
125.0,8.3,0.7,22.1,31.1,Tidak Sehat
33.0,2.7,0.2,7.9,10.8,Tidak Sehat
344.0,12.5,2.1,69.4,84.0,Sehat
338.0,22.2,1.5,61.0,84.7,Sehat
38.0,3.0,0.3,7.9,11.2,Tidak Sehat
46.0,3.0,0.3,7.9,11.2,Tidak Sehat
46.0,2.2,1.5,6.0,9.7,Tidak Sehat
366.0,4.2,4.3,77.5,86.0,Tidak Sehat
370.0,8.0,1.0,82.2,91.2,Tidak Sehat
315.0,2.1,1.4,73.5,77.0,Tidak Sehat
542.0,40.3,42.4,11.5,94.19999999999999,Tidak Sehat
21.0,1.7,0.4,3.8,5.9,Tidak Sehat
45.0,2.2,0.3,10.3,12.8,Tidak Sehat
42.0,3.8,0.6,7.8,12.2,Tidak Sehat
113.0,18.1,4.1,0.9,23.1,Sehat
440.0,3.8,18.5,64.5,86.8,Tidak Sehat
186.7,1.6,1.6,39.6,42.800000000000004,Tidak Sehat
338.0,1.5,1.2,80.3,83.0,Tidak Sehat
240.0,1.0,4.0,54.0,59.0,Tidak Sehat
425.0,1.6,8.8,84.6,95.0,Tidak Sehat
591.0,5.6,42.1,47.5,95.2,Tidak Sehat
366.0,4.2,4.3,7.9,16.4,Tidak Sehat
291.0,3.6,11.1,44.1,58.8,Tidak Sehat
182.0,1.0,1.0,40.4,42.4,Tidak Sehat
126.7,0.7,0.7,57.3,58.699999999999996,Tidak Sehat
296.0,1.4,1.4,66.4,69.2,Tidak Sehat
304.0,5.3,7.0,54.9,67.2,Tidak Sehat
217.0,1.2,0.5,53.2,54.900000000000006,Tidak Sehat
393.3,2.7,2.7,79.3,84.7,Tidak Sehat
380.0,1.0,1.0,92.0,94.0,Tidak Sehat
221.0,7.5,10.2,24.8,42.5,Tidak Sehat
180.0,5.0,5.0,32.0,42.0,Tidak Sehat
512.0,26.0,26.0,60.4,112.4,Tidak Sehat
247.0,2.9,4.2,49.5,56.6,Tidak Sehat
111.0,4.5,1.1,20.7,26.299999999999997,Tidak Sehat
22.0,0.4,0.2,4.7,5.300000000000001,Tidak Sehat
63.0,2.0,2.7,9.1,13.8,Tidak Sehat
83.0,19.1,0.2,0.0,19.3,Sehat
515.0,30.6,42.1,13.8,86.5,Tidak Sehat
242.0,19.0,17.0,3.0,39.0,Sehat
17.0,0.6,0.2,3.8,4.6,Tidak Sehat
51.0,1.7,0.5,10.0,12.2,Tidak Sehat
26.0,0.6,0.1,6.7,7.4,Tidak Sehat
32.0,1.1,0.1,6.6,7.8,Tidak Sehat
166.3,2.7,3.9,29.5,36.1,Tidak Sehat
85.0,5.7,0.3,15.4,21.4,Tidak Sehat
148.0,10.6,0.5,26.2,37.3,Sehat
142.0,11.0,2.5,20.4,33.9,Sehat
367.0,46.4,5.4,32.5,84.3,Sehat
336.0,23.8,1.2,59.7,84.7,Sehat
56.0,0.9,0.2,14.3,15.4,Tidak Sehat
34.0,2.2,0.3,5.5,8.0,Tidak Sehat
422.0,0.9,10.8,80.4,92.10000000000001,Tidak Sehat
389.0,6.6,15.7,55.5,77.8,Tidak Sehat
174.0,17.0,10.0,3.0,30.0,Sehat
141.0,23.0,1.5,7.6,32.1,Sehat
159.0,5.0,10.9,10.1,26.0,Tidak Sehat
207.0,7.4,15.4,9.6,32.4,Tidak Sehat
405.0,4.8,5.1,84.9,94.80000000000001,Tidak Sehat
15.0,1.0,0.4,1.9,3.3,Tidak Sehat
902.0,0.0,100.0,0.0,100.0,Tidak Sehat
630.0,9.1,65.0,1.1,75.19999999999999,Tidak Sehat
372.0,12.0,29.4,14.4,55.8,Sehat
818.0,1.5,90.0,0.0,91.5,Tidak Sehat
34.0,0.5,0.8,6.2,7.5,Tidak Sehat
36.0,0.0,0.0,10.0,10.0,Tidak Sehat
30.0,0.0,0.0,8.0,8.0,Tidak Sehat
221.3,3.8,3.6,43.4,50.8,Tidak Sehat
320.0,3.5,5.7,63.7,72.9,Tidak Sehat
181.0,2.8,1.2,39.8,43.8,Tidak Sehat
33.0,1.9,0.1,7.4,9.4,Tidak Sehat
240.0,7.8,0.5,51.3,59.599999999999994,Tidak Sehat
387.0,16.0,22.0,3.0,41.0,Sehat
79.0,2.3,5.2,5.8,13.3,Tidak Sehat
19.0,0.9,0.1,4.2,5.2,Tidak Sehat
217.0,11.0,1.7,5.1,17.799999999999997,Sehat
27.0,0.4,0.2,6.0,6.6,Tidak Sehat
163.3,2.8,2.2,33.0,38.0,Tidak Sehat
38.0,1.1,0.3,7.6,9.0,Tidak Sehat
164.0,1.8,2.1,34.5,38.4,Tidak Sehat
294.0,0.3,0.0,79.5,79.8,Tidak Sehat
341.0,0.3,0.0,85.0,85.3,Tidak Sehat
363.0,8.7,0.4,78.7,87.8,Tidak Sehat
63.0,2.4,0.4,12.4,15.2,Tidak Sehat
44.0,0.7,0.2,11.2,12.1,Tidak Sehat
63.0,0.5,0.2,16.7,17.4,Tidak Sehat
46.0,0.4,0.2,11.9,12.5,Tidak Sehat
72.0,0.8,0.2,18.7,19.7,Tidak Sehat
56.0,0.4,0.2,14.6,15.2,Tidak Sehat
86.0,0.7,0.5,19.8,21.0,Tidak Sehat
133.0,1.0,0.1,32.1,33.2,Tidak Sehat
59.0,0.5,0.4,15.1,16.0,Tidak Sehat
52.0,0.7,0.0,12.3,13.0,Tidak Sehat
63.0,0.6,0.6,15.6,16.8,Tidak Sehat
720.0,0.6,81.0,0.4,82.0,Tidak Sehat
144.0,3.5,1.2,29.8,34.5,Tidak Sehat
217.0,2.5,1.0,49.6,53.1,Tidak Sehat
104.0,1.2,0.5,23.7,25.4,Tidak Sehat
265.3,4.7,5.5,49.3,59.5,Tidak Sehat
153.0,4.5,4.2,24.3,33.0,Tidak Sehat
278.0,5.1,8.6,45.0,58.7,Tidak Sehat
200.0,8.9,5.1,29.5,43.5,Tidak Sehat
369.0,2.1,7.0,74.1,83.19999999999999,Tidak Sehat
90.0,1.2,0.1,21.1,22.400000000000002,Tidak Sehat
276.0,0.0,0.1,71.0,71.1,Tidak Sehat
66.0,5.0,0.7,13.3,19.0,Tidak Sehat
37.0,0.6,0.4,7.8,8.8,Tidak Sehat
322.0,55.8,2.0,22.7,80.5,Sehat
725.0,0.5,81.6,1.4,83.5,Tidak Sehat
65.0,1.7,0.2,16.1,18.0,Tidak Sehat
359.0,11.5,6.8,64.4,82.7,Sehat
88.0,0.6,3.3,14.0,17.9,Tidak Sehat
71.0,0.2,0.8,15.9,16.9,Tidak Sehat
339.0,10.0,1.7,6.3,18.0,Sehat
113.0,3.0,3.2,18.1,24.3,Tidak Sehat
102.0,6.2,3.9,10.5,20.6,Tidak Sehat
114.0,5.3,3.0,16.4,24.7,Tidak Sehat
86.0,0.6,3.3,14.0,17.9,Tidak Sehat
353.0,0.3,0.0,88.0,88.3,Tidak Sehat
102.0,3.0,2.1,17.8,22.9,Tidak Sehat
468.0,7.6,20.4,62.4,90.4,Tidak Sehat
337.0,7.9,11.8,50.0,69.7,Tidak Sehat
105.0,5.9,4.9,9.4,20.200000000000003,Tidak Sehat
190.0,0.2,0.4,46.5,47.1,Tidak Sehat
902.0,0.0,100.0,0.0,100.0,Tidak Sehat
902.0,0.0,100.0,0.0,100.0,Tidak Sehat
902.0,0.0,100.0,0.0,100.0,Tidak Sehat
883.0,0.0,99.9,0.0,99.9,Tidak Sehat
870.0,1.0,98.0,0.0,99.0,Tidak Sehat
902.0,0.0,100.0,0.0,100.0,Tidak Sehat
902.0,0.0,100.0,0.0,100.0,Tidak Sehat
884.0,0.0,100.0,0.0,100.0,Tidak Sehat
345.0,8.5,2.2,78.0,88.7,Tidak Sehat
218.0,0.8,16.0,50.2,67.0,Tidak Sehat
128.0,8.0,10.0,1.3,19.3,Tidak Sehat
33.0,2.3,0.5,4.7,7.5,Tidak Sehat
330.0,17.8,23.4,12.1,53.300000000000004,Sehat
478.0,38.3,33.9,5.1,77.29999999999998,Sehat
52.0,0.4,0.2,13.7,14.299999999999999,Tidak Sehat
58.0,0.7,0.2,13.3,14.200000000000001,Tidak Sehat
165.0,4.2,0.1,36.7,41.0,Tidak Sehat
106.0,1.2,0.3,27.6,29.1,Tidak Sehat
51.0,2.0,0.4,11.3,13.700000000000001,Tidak Sehat
180.0,3.0,0.3,39.8,43.099999999999994,Tidak Sehat
149.0,2.8,0.4,32.5,35.7,Tidak Sehat
192.0,3.8,8.8,24.4,37.0,Tidak Sehat
276.0,3.2,3.2,30.2,36.6,Tidak Sehat
190.0,4.7,7.5,26.0,38.2,Tidak Sehat
357.0,8.8,0.5,79.5,88.8,Tidak Sehat
207.0,3.5,5.0,37.1,45.6,Tidak Sehat
155.0,10.3,4.2,19.1,33.6,Sehat
120.0,2.4,0.4,26.0,28.8,Tidak Sehat
253.3,4.3,21.0,11.7,37.0,Tidak Sehat
196.0,14.5,8.3,15.9,38.7,Sehat
600.0,14.0,41.7,42.0,97.7,Tidak Sehat
387.0,5.3,7.6,74.3,87.19999999999999,Tidak Sehat
9.0,2.1,6.0,7.1,15.2,Tidak Sehat
187.0,13.0,6.0,22.6,41.6,Sehat
376.0,14.9,6.0,65.7,86.6,Sehat
363.3,19.3,19.3,40.3,78.9,Sehat
284.0,12.0,14.4,13.6,40.0,Sehat
306.7,9.0,18.0,27.0,54.0,Tidak Sehat
351.0,11.0,5.3,65.9,82.2,Sehat
132.0,12.7,3.8,13.7,30.2,Sehat
187.0,13.0,6.0,22.6,41.6,Sehat
368.0,6.8,32.0,13.2,52.0,Tidak Sehat
320.0,7.3,18.7,31.0,57.0,Tidak Sehat
40.0,2.0,2.0,3.0,7.0,Tidak Sehat
76.0,5.2,1.8,10.6,17.6,Tidak Sehat
288.6,8.3,8.9,44.3,61.5,Tidak Sehat
115.0,1.5,6.0,14.0,21.5,Tidak Sehat
111.0,0.3,2.7,21.2,24.2,Tidak Sehat
940.0,36.0,42.0,104.0,182.0,Tidak Sehat
117.0,13.7,5.0,4.3,23.0,Sehat
125.0,10.4,8.6,0.8,19.8,Sehat
351.0,0.9,0.9,84.9,86.7,Tidak Sehat
342.0,2.3,0.1,83.1,85.5,Tidak Sehat
77.0,3.5,4.6,5.4,13.5,Tidak Sehat
494.0,7.5,36.4,40.1,84.0,Tidak Sehat
42.0,0.3,0.2,10.9,11.4,Tidak Sehat
460.0,28.5,35.2,7.2,70.9,Sehat
133.8,3.0,1.6,27.0,31.6,Tidak Sehat
61.0,0.2,0.1,14.9,15.200000000000001,Tidak Sehat
87.0,10.5,2.5,5.5,18.5,Sehat
29.0,1.1,0.3,6.6,8.0,Tidak Sehat
16.0,0.8,0.2,3.4,4.4,Tidak Sehat
19.0,1.0,0.4,3.6,5.0,Tidak Sehat
307.0,4.5,13.3,42.4,60.2,Tidak Sehat
362.0,0.5,0.3,86.9,87.7,Tidak Sehat
23.0,1.8,0.3,4.5,6.6,Tidak Sehat
156.0,28.0,4.0,0.0,32.0,Sehat
75.0,2.5,2.8,10.0,15.3,Tidak Sehat
219.0,19.7,13.6,4.4,37.699999999999996,Sehat
162.0,4.9,3.0,27.8,35.7,Tidak Sehat
156.0,4.2,1.4,31.6,37.2,Tidak Sehat
152.0,4.5,2.3,28.2,35.0,Tidak Sehat
211.0,12.3,6.1,26.6,45.0,Sehat
243.0,5.2,7.3,39.1,51.6,Tidak Sehat
173.0,7.2,1.2,33.4,41.8,Tidak Sehat
372.0,7.8,36.3,3.5,47.599999999999994,Tidak Sehat
174.0,13.1,12.2,2.2,27.499999999999996,Sehat
19.0,0.6,0.1,3.9,4.6,Tidak Sehat
275.0,11.6,11.6,30.2,53.4,Sehat
26.0,2.1,0.1,4.9,7.1000000000000005,Tidak Sehat
46.0,0.5,12.0,12.2,24.7,Tidak Sehat
76.0,5.2,1.8,10.6,17.6,Tidak Sehat
400.0,0.0,0.0,95.0,95.0,Tidak Sehat
142.0,10.4,2.0,22.0,34.4,Sehat
50.0,3.7,1.0,9.0,13.7,Tidak Sehat
161.0,20.0,0.2,24.0,44.2,Sehat
220.0,15.0,0.1,40.0,55.1,Sehat
345.0,23.8,1.4,59.3,84.5,Sehat
220.0,15.0,0.9,38.0,53.9,Sehat
514.0,1.0,27.8,647.0,675.8,Tidak Sehat
107.0,15.9,0.6,0.4,16.9,Sehat
157.0,28.0,4.2,0.0,32.2,Sehat
170.0,31.0,4.2,0.0,35.2,Sehat
153.0,30.0,2.8,0.0,32.8,Sehat
142.0,27.0,3.0,0.0,30.0,Sehat
124.0,9.5,9.6,0.0,19.1,Tidak Sehat
99.0,1.2,0.2,25.8,27.2,Tidak Sehat
68.0,1.3,0.2,17.2,18.7,Tidak Sehat
120.0,1.1,0.2,26.8,28.1,Tidak Sehat
127.0,2.1,0.3,31.1,33.5,Tidak Sehat
220.0,2.3,2.3,6.3,10.899999999999999,Tidak Sehat
115.0,1.9,0.2,27.9,30.0,Tidak Sehat
117.0,2.0,0.3,28.9,31.2,Tidak Sehat
100.0,1.4,0.5,23.6,25.5,Tidak Sehat
109.0,0.8,0.5,26.3,27.6,Tidak Sehat
145.0,1.1,0.3,34.5,35.9,Tidak Sehat
96.0,1.0,0.2,22.5,23.7,Tidak Sehat
99.0,1.3,0.2,25.6,27.1,Tidak Sehat
127.0,1.4,0.2,33.6,35.2,Tidak Sehat
127.0,1.4,0.2,31.8,33.4,Tidak Sehat
134.0,1.1,0.5,35.5,37.1,Tidak Sehat
120.0,1.2,0.2,31.8,33.2,Tidak Sehat
118.0,1.2,0.2,31.1,32.5,Tidak Sehat
98.0,1.3,1.2,20.5,23.0,Tidak Sehat
625.0,1.0,0.0,8.1,9.1,Tidak Sehat
113.0,1.2,0.2,26.7,28.099999999999998,Tidak Sehat
45.0,2.2,0.3,10.3,12.8,Tidak Sehat
33.0,4.5,0.4,2.8,7.7,Tidak Sehat
216.0,2.6,3.1,44.4,50.1,Tidak Sehat
224.0,26.2,11.3,4.4,41.9,Sehat
104.0,1.9,4.1,15.1,21.1,Tidak Sehat
25.0,1.5,0.5,3.6,5.6,Tidak Sehat
76.0,4.1,1.1,15.2,20.4,Tidak Sehat
76.0,3.6,0.3,14.6,18.5,Tidak Sehat
163.0,2.2,6.5,23.8,32.5,Tidak Sehat
200.0,1.0,2.4,43.8,47.199999999999996,Tidak Sehat
136.0,43.0,2.4,3.0,48.4,Sehat
76.0,12.1,2.0,2.4,16.5,Sehat
69.0,0.9,0.1,18.1,19.1,Tidak Sehat
11.0,0.0,0.0,2.7,2.7,Tidak Sehat
76.0,0.5,0.2,18.0,18.7,Tidak Sehat
4.0,0.0,0.0,0.9,0.9,Tidak Sehat
295.0,7.3,8.5,47.5,63.3,Tidak Sehat
394.0,2.2,8.8,76.6,87.6,Tidak Sehat
350.0,0.9,0.4,85.7,87.0,Tidak Sehat
60.0,5.4,2.5,4.0,11.9,Tidak Sehat
81.0,16.2,1.2,0.7,18.099999999999998,Sehat
299.0,29.4,3.6,3.2,36.2,Sehat
81.0,16.2,1.2,0.7,18.099999999999998,Sehat
27.0,0.6,0.3,5.2,6.1,Tidak Sehat
320.0,7.2,4.2,63.3,74.7,Tidak Sehat
451.0,11.2,20.2,59.7,91.1,Sehat
497.0,17.0,27.6,50.8,95.4,Sehat
193.0,22.6,7.9,7.8,38.3,Sehat
471.0,4.7,21.8,64.1,90.6,Tidak Sehat
75.0,1.6,0.6,15.8,18.0,Tidak Sehat
335.0,5.3,3.5,70.5,79.3,Tidak Sehat
341.0,5.5,16.2,43.3,65.0,Tidak Sehat
350.0,7.5,2.0,75.5,85.0,Tidak Sehat
248.0,8.0,1.2,50.0,59.2,Tidak Sehat
249.0,7.9,1.5,49.7,59.1,Tidak Sehat
153.0,11.3,8.4,8.0,27.700000000000003,Sehat
41.0,1.4,0.3,8.1,9.799999999999999,Tidak Sehat
536.0,40.5,41.5,0.0,82.0,Tidak Sehat
110.0,11.5,2.0,11.7,25.2,Sehat
198.0,24.6,10.7,0.9,36.199999999999996,Sehat
449.0,30.6,25.5,31.9,88.0,Sehat
338.0,0.6,0.3,83.1,84.0,Tidak Sehat
355.0,0.6,1.1,85.6,87.3,Tidak Sehat
231.0,0.6,0.2,56.6,57.4,Tidak Sehat
291.0,0.5,4.0,63.4,67.9,Tidak Sehat
230.0,0.6,0.2,56.5,57.3,Tidak Sehat
452.0,2.8,14.8,76.8,94.4,Tidak Sehat
347.0,0.9,0.3,85.2,86.4,Tidak Sehat
364.0,0.1,0.2,90.5,90.8,Tidak Sehat
362.0,0.5,0.3,86.9,87.7,Tidak Sehat
354.0,0.8,8.3,68.9,78.0,Tidak Sehat
57.0,0.5,0.1,13.6,14.2,Tidak Sehat
55.0,0.4,0.2,12.8,13.4,Tidak Sehat
87.0,0.8,0.4,20.1,21.3,Tidak Sehat
281.0,2.4,0.7,66.1,69.19999999999999,Tidak Sehat
122.0,2.0,10.0,7.6,19.6,Tidak Sehat
324.0,4.2,34.3,55.6,94.1,Tidak Sehat
324.0,4.2,34.3,5.6,44.1,Tidak Sehat
98.0,2.0,0.4,24.5,26.9,Tidak Sehat
212.0,18.0,10.6,59.3,87.9,Sehat
108.0,17.6,4.2,0.0,21.8,Sehat
182.0,32.0,6.0,0.0,38.0,Sehat
301.0,55.0,9.0,0.0,64.0,Sehat
273.0,17.5,22.0,0.0,39.5,Sehat
289.0,16.0,25.0,0.0,41.0,Sehat
174.0,19.6,10.0,0.0,29.6,Sehat
201.0,18.8,14.0,0.0,32.8,Sehat
448.0,14.5,42.3,2.3,59.099999999999994,Sehat
183.0,12.0,14.4,1.4,27.799999999999997,Sehat
98.0,21.9,1.1,0.0,23.0,Sehat
137.0,15.0,8.1,0.9,24.0,Sehat
274.0,16.0,22.0,3.0,41.0,Sehat
84.0,10.5,4.6,0.2,15.299999999999999,Sehat
132.0,19.7,3.2,6.0,28.9,Sehat
123.0,10.4,8.6,0.8,19.8,Sehat
360.0,57.3,6.0,19.2,82.5,Sehat
268.0,23.9,12.7,14.5,51.099999999999994,Sehat
126.0,14.0,7.2,1.5,22.7,Sehat
281.0,37.5,0.3,32.1,69.9,Sehat
338.0,21.1,27.0,1.0,49.1,Sehat
344.0,30.0,20.0,43.0,93.0,Sehat
166.0,2.3,2.8,32.9,38.0,Tidak Sehat
283.0,12.1,16.8,20.9,49.8,Sehat
110.0,15.5,0.5,11.5,27.5,Sehat
179.0,22.5,3.5,13.3,39.3,Sehat
274.0,12.9,18.6,13.6,45.1,Sehat
126.7,14.0,7.3,1.3,22.6,Sehat
22.0,2.3,0.3,4.0,6.6,Tidak Sehat
9.0,1.0,0.1,1.7,2.8,Tidak Sehat
30.0,1.9,0.5,4.4,6.800000000000001,Tidak Sehat
19.0,1.3,0.2,2.9,4.4,Tidak Sehat
92.0,0.5,1.1,22.4,24.0,Tidak Sehat
64.0,1.0,3.1,8.0,12.1,Tidak Sehat
111.0,0.9,2.3,21.6,24.8,Tidak Sehat
92.0,0.5,1.1,22.4,24.0,Tidak Sehat
29.0,0.7,0.6,5.0,6.3,Tidak Sehat
49.0,1.7,0.3,9.8,11.8,Tidak Sehat
178.0,2.6,13.9,10.6,27.1,Tidak Sehat
133.0,7.3,6.6,11.2,25.099999999999998,Tidak Sehat
64.0,2.1,0.6,12.5,15.2,Tidak Sehat
36.0,2.7,0.7,4.8,8.2,Tidak Sehat
49.0,3.1,2.5,3.6,9.2,Tidak Sehat
27.0,1.3,2.0,1.0,4.3,Tidak Sehat
67.0,5.2,2.9,5.1,13.2,Tidak Sehat
57.0,5.4,2.6,3.1,11.1,Tidak Sehat
15.0,1.2,0.2,2.9,4.3,Tidak Sehat
17.0,1.7,0.3,3.0,5.0,Tidak Sehat
19.0,2.7,0.2,2.9,5.800000000000001,Tidak Sehat
20.0,1.0,0.1,4.6,5.699999999999999,Tidak Sehat
28.0,0.5,0.2,6.9,7.6000000000000005,Tidak Sehat
192.5,4.5,6.0,30.3,40.8,Tidak Sehat
64.0,0.6,0.3,14.8,15.700000000000001,Tidak Sehat
353.0,0.7,0.2,84.7,85.60000000000001,Tidak Sehat
88.0,7.9,1.6,10.6,20.1,Tidak Sehat
298.0,8.0,23.8,48.9,80.7,Tidak Sehat
478.0,2.5,21.2,69.2,92.9,Tidak Sehat
213.0,0.0,0.0,55.0,55.0,Tidak Sehat
88.0,3.2,8.0,0.8,12.0,Tidak Sehat
474.0,11.2,42.5,11.7,65.4,Sehat
81.0,5.1,4.5,5.1,14.7,Tidak Sehat
285.0,1.0,18.0,28.0,47.0,Tidak Sehat
146.0,1.2,0.3,34.7,36.2,Tidak Sehat
173.0,0.5,0.1,42.5,43.1,Tidak Sehat
95.3,4.4,2.2,14.4,21.0,Tidak Sehat
65.0,1.0,0.3,16.3,17.6,Tidak Sehat
213.0,0.0,0.0,55.0,55.0,Tidak Sehat
71.0,7.5,3.6,2.2,13.3,Tidak Sehat
49.0,5.8,0.5,5.3,11.6,Tidak Sehat
68.0,9.0,1.9,3.7,14.600000000000001,Tidak Sehat
34.0,5.5,0.8,1.1,7.4,Tidak Sehat
71.0,7.4,2.6,4.5,14.5,Tidak Sehat
12.0,0.5,0.1,2.0,2.6,Tidak Sehat
15.0,0.6,0.1,3.1,3.8,Tidak Sehat
89.0,7.2,5.0,3.9,16.099999999999998,Tidak Sehat
42.0,3.9,1.7,2.8,8.399999999999999,Tidak Sehat
110.0,2.9,9.5,3.2,15.600000000000001,Tidak Sehat
135.0,2.5,8.8,11.5,22.8,Tidak Sehat
127.5,2.6,9.4,8.3,20.3,Tidak Sehat
92.0,11.8,4.3,1.4,17.5,Sehat
38.0,2.6,2.3,1.8,6.7,Tidak Sehat
60.0,3.5,4.5,1.3,9.3,Tidak Sehat
127.0,5.9,6.6,11.0,23.5,Tidak Sehat
94.0,3.0,6.8,5.1,14.9,Tidak Sehat
75.0,3.6,5.2,3.5,12.3,Tidak Sehat
80.0,3.2,3.5,9.0,15.7,Tidak Sehat
86.0,2.3,8.5,0.0,10.8,Tidak Sehat
117.1,0.4,8.6,9.6,18.6,Tidak Sehat
139.0,7.4,2.1,22.6,32.1,Tidak Sehat
101.0,1.7,0.6,35.2,37.5,Tidak Sehat
75.0,5.6,0.4,12.2,18.2,Tidak Sehat
119.0,1.4,0.2,28.1,29.700000000000003,Tidak Sehat
126.0,1.6,0.2,24.5,26.3,Tidak Sehat
418.0,19.0,9.0,65.5,93.5,Sehat
513.0,24.6,30.0,36.2,90.80000000000001,Tidak Sehat
64.0,4.3,2.3,6.6,13.2,Tidak Sehat
41.0,3.5,2.5,5.0,11.0,Tidak Sehat
336.0,8.2,10.0,55.0,73.2,Tidak Sehat
138.0,7.0,7.9,9.9,24.8,Tidak Sehat
160.0,6.3,12.0,7.1,25.4,Tidak Sehat
61.0,3.2,3.5,4.3,11.0,Tidak Sehat
36.0,3.5,0.1,5.1,8.7,Tidak Sehat
359.0,35.6,1.0,52.0,88.6,Sehat
36.0,3.5,0.1,5.1,8.7,Tidak Sehat
87.0,5.3,5.2,6.3,16.8,Tidak Sehat
90.0,1.5,0.1,21.9,23.5,Tidak Sehat
69.0,1.0,0.1,15.7,16.8,Tidak Sehat
74.0,1.4,0.1,17.2,18.7,Tidak Sehat
347.0,0.5,0.9,84.2,85.60000000000001,Tidak Sehat
68.0,7.8,4.6,1.6,13.999999999999998,Tidak Sehat
115.0,9.7,8.5,2.5,20.7,Tidak Sehat
328.0,12.6,19.9,24.6,57.1,Sehat
148.0,13.8,8.5,4.0,26.3,Sehat
120.0,1.5,0.3,28.2,30.0,Tidak Sehat
163.0,2.3,0.5,36.4,39.199999999999996,Tidak Sehat
115.0,1.8,0.5,25.9,28.2,Tidak Sehat
120.0,1.5,0.3,28.2,30.0,Tidak Sehat
98.0,1.9,0.2,23.7,25.8,Tidak Sehat
166.0,10.4,4.9,24.1,39.400000000000006,Sehat
88.0,3.2,2.1,14.0,19.3,Tidak Sehat
76.0,9.0,2.6,6.4,18.0,Tidak Sehat
28.0,3.0,0.8,4.0,7.8,Tidak Sehat
34.0,3.7,1.2,4.3,9.2,Tidak Sehat
104.0,12.9,6.8,1.2,20.9,Sehat
99.0,1.7,0.3,22.4,24.4,Tidak Sehat
166.0,3.8,1.0,34.4,39.199999999999996,Tidak Sehat
172.0,3.0,0.5,37.5,41.0,Tidak Sehat
169.0,1.4,0.3,40.2,41.900000000000006,Tidak Sehat
358.0,7.5,4.3,70.4,82.2,Tidak Sehat
277.0,9.1,4.7,49.6,63.400000000000006,Tidak Sehat
25.0,4.6,0.4,3.0,8.0,Tidak Sehat
83.0,10.4,3.4,2.8,16.6,Sehat
132.0,19.5,0.7,67.8,88.0,Sehat
300.0,28.3,4.8,53.6,86.7,Sehat
299.0,24.1,3.5,59.0,86.6,Sehat
34.0,2.0,0.1,7.9,10.0,Tidak Sehat
294.0,8.3,1.7,72.6,82.6,Tidak Sehat
53.0,1.9,0.9,9.4,12.2,Tidak Sehat
162.0,12.8,11.5,0.7,25.0,Sehat
361.0,19.3,31.9,0.7,51.900000000000006,Sehat
50.0,10.8,0.0,0.8,11.600000000000001,Sehat
383.0,15.1,32.9,8.3,56.3,Sehat
251.0,16.3,19.4,1.4,37.1,Sehat
179.0,13.6,13.3,4.4,31.299999999999997,Sehat
386.0,17.0,35.0,0.8,52.8,Sehat
54.0,11.0,0.0,0.8,11.8,Sehat
54.0,11.0,0.0,0.8,11.8,Sehat
320.0,15.1,30.5,0.9,46.5,Sehat
301.0,20.0,23.7,0.0,43.7,Sehat
187.0,10.9,12.4,7.9,31.200000000000003,Sehat
195.0,13.6,13.6,1.4,28.599999999999998,Sehat
116.0,10.7,7.0,1.6,19.3,Sehat
144.0,12.0,10.2,0.0,22.2,Sehat
425.0,31.0,28.0,10.0,69.0,Sehat
119.0,4.4,3.5,18.3,26.200000000000003,Tidak Sehat
73.0,5.7,1.3,4.2,11.2,Tidak Sehat
76.0,6.8,0.7,10.6,18.1,Tidak Sehat
328.0,18.4,23.2,12.8,54.39999999999999,Sehat
139.0,12.5,0.8,21.9,35.2,Sehat
212.0,17.5,10.0,12.9,40.4,Sehat
143.0,12.0,5.5,11.4,28.9,Sehat
350.0,24.5,26.6,10.4,61.5,Sehat
201.0,20.8,8.8,13.5,43.1,Sehat
141.0,10.2,1.3,23.2,34.7,Sehat
146.0,11.7,2.3,19.6,33.6,Sehat
131.0,18.0,0.8,13.0,31.8,Sehat
150.0,14.0,7.7,9.1,30.799999999999997,Sehat
336.0,20.0,28.0,7.8,55.8,Sehat
240.0,6.0,2.7,49.3,58.0,Tidak Sehat
110.0,1.7,1.3,21.9,24.9,Tidak Sehat
126.0,1.1,2.2,25.7,29.0,Tidak Sehat
355.0,0.7,0.2,85.2,86.10000000000001,Tidak Sehat
364.0,7.0,0.5,80.0,87.5,Tidak Sehat
353.0,7.0,0.5,80.0,87.5,Tidak Sehat
353.0,0.8,1.7,83.6,86.1,Tidak Sehat
363.0,1.1,0.5,88.2,89.8,Tidak Sehat
355.0,0.7,0.2,85.2,86.10000000000001,Tidak Sehat
364.0,4.5,1.0,83.5,89.0,Tidak Sehat
316.0,60.1,6.5,22.4,89.0,Sehat
355.0,9.2,3.9,73.7,86.8,Tidak Sehat
355.0,9.2,3.9,73.7,86.8,Tidak Sehat
388.0,19.0,7.5,61.2,87.7,Sehat
347.0,35.9,20.6,29.9,86.4,Sehat
347.0,0.3,0.1,85.6,86.0,Tidak Sehat
350.0,1.2,0.6,85.0,86.8,Tidak Sehat
338.0,2.9,0.4,80.6,83.89999999999999,Tidak Sehat
353.0,0.7,0.2,84.7,85.60000000000001,Tidak Sehat
326.0,4.0,0.4,76.7,81.10000000000001,Tidak Sehat
363.0,1.1,0.5,88.2,89.8,Tidak Sehat
353.0,2.9,0.5,84.4,87.80000000000001,Tidak Sehat
509.0,24.6,30.0,36.2,90.80000000000001,Tidak Sehat
418.0,19.0,9.0,65.5,93.5,Sehat
362.0,35.6,1.0,52.0,88.6,Sehat
332.0,5.7,0.6,76.1,82.39999999999999,Tidak Sehat
365.0,8.9,1.3,77.3,87.5,Tidak Sehat
354.0,2.8,0.6,84.4,87.80000000000001,Tidak Sehat
155.0,22.3,2.9,9.9,35.1,Sehat
191.0,33.1,3.6,6.6,43.300000000000004,Sehat
174.0,30.0,3.5,3.5,37.0,Sehat
174.0,30.0,3.5,5.6,39.1,Sehat
365.0,23.7,22.3,17.5,63.5,Sehat
462.0,39.1,32.4,3.5,75.0,Sehat
24.0,1.1,0.2,5.5,6.8,Tidak Sehat
285.0,4.3,25.7,9.5,39.5,Tidak Sehat
39.0,2.3,1.9,2.0,6.199999999999999,Tidak Sehat
48.0,1.5,0.3,11.3,13.100000000000001,Tidak Sehat
45.0,1.9,0.8,7.5,10.2,Tidak Sehat
23.0,1.8,0.1,4.9,6.800000000000001,Tidak Sehat
28.0,1.1,0.2,5.5,6.8,Tidak Sehat
52.0,2.1,1.1,8.6,11.8,Tidak Sehat
52.0,1.1,0.4,11.2,12.7,Tidak Sehat
25.0,2.1,0.1,5.3,7.5,Tidak Sehat
23.0,1.8,0.1,4.9,6.800000000000001,Tidak Sehat
59.0,2.9,0.3,13.9,17.1,Tidak Sehat
120.0,2.4,0.4,26.0,28.8,Tidak Sehat
33.0,1.2,1.3,4.1,6.6,Tidak Sehat
516.0,17.7,49.5,0.0,67.2,Tidak Sehat
355.0,6.2,1.2,79.8,87.2,Tidak Sehat
353.0,2.4,1.1,83.4,86.9,Tidak Sehat
395.0,3.2,8.5,76.5,88.2,Tidak Sehat
392.0,5.4,28.5,28.4,62.3,Tidak Sehat
93.6,4.4,1.8,15.1,21.3,Tidak Sehat
23.0,2.9,0.2,4.1,7.199999999999999,Tidak Sehat
35.0,5.0,0.2,5.8,11.0,Tidak Sehat
67.0,9.0,2.6,6.4,18.0,Tidak Sehat
28.0,3.0,0.8,4.0,7.8,Tidak Sehat
20.0,1.0,0.2,3.5,4.7,Tidak Sehat
20.0,1.0,0.3,4.2,5.5,Tidak Sehat
24.0,1.3,0.5,4.7,6.5,Tidak Sehat
24.0,2.0,0.7,3.3,6.0,Tidak Sehat
189.0,11.3,15.7,0.6,27.6,Sehat
48.0,1.4,4.2,2.6,8.2,Tidak Sehat
186.0,1.9,0.2,44.3,46.4,Tidak Sehat
160.0,3.7,1.3,55.3,60.3,Tidak Sehat
100.0,0.7,0.3,23.8,24.8,Tidak Sehat
119.0,0.5,0.4,25.1,26.0,Tidak Sehat
83.0,1.5,0.2,18.8,20.5,Tidak Sehat
123.0,1.8,0.7,27.9,30.4,Tidak Sehat
151.0,1.6,0.3,35.4,37.3,Tidak Sehat
123.0,1.8,0.7,27.9,30.4,Tidak Sehat
114.0,1.4,9.6,25.6,36.6,Tidak Sehat
184.0,1.4,0.3,22.5,24.2,Tidak Sehat
108.0,0.5,0.4,25.6,26.5,Tidak Sehat
165.0,0.9,0.2,39.8,40.9,Tidak Sehat
82.0,5.8,1.3,11.7,18.799999999999997,Tidak Sehat
56.0,11.4,0.6,1.2,13.2,Sehat
81.0,16.5,0.3,3.0,19.8,Sehat
295.0,62.4,2.3,1.8,66.5,Sehat
278.0,62.6,4.1,2.2,68.9,Sehat
273.0,47.8,3.8,12.5,64.1,Sehat
91.0,21.0,0.2,0.1,21.3,Sehat
380.0,11.9,30.3,14.9,57.1,Sehat
241.0,5.8,21.6,5.8,33.2,Tidak Sehat
120.0,2.8,0.5,82.3,85.6,Tidak Sehat
34.0,2.4,0.3,5.5,8.2,Tidak Sehat
130.0,14.0,7.2,1.5,22.7,Sehat
101.0,2.0,0.2,19.8,22.0,Tidak Sehat
363.0,8.7,0.4,78.7,87.8,Tidak Sehat
303.0,6.3,2.7,63.3,72.3,Tidak Sehat
45.0,0.8,0.9,8.1,9.8,Tidak Sehat
424.0,1.3,10.7,80.7,92.7,Tidak Sehat
568.0,19.3,51.1,18.1,88.5,Tidak Sehat
355.0,3.2,15.1,51.4,69.7,Tidak Sehat
143.0,3.1,7.8,15.0,25.9,Tidak Sehat
452.0,14.5,42.3,2.3,59.099999999999994,Sehat
42.0,1.2,0.6,9.3,11.100000000000001,Tidak Sehat
37.0,1.0,0.6,8.3,9.9,Tidak Sehat
28.0,0.7,0.5,6.3,7.5,Tidak Sehat
254.0,3.0,1.1,58.1,62.2,Tidak Sehat
52.0,3.3,2.5,4.0,9.8,Tidak Sehat
